"athlete_id_1","player_name","attempts_Late_Tight","makes_Late_Tight","attempts_Baseline","makes_Baseline","pct_Late_Tight","pct_Baseline","delta_pp","label"
818,"Chioma Nnamaka",1,1,25,6,1,0.24,76,"Clutch"
690,"Brandi Davis",1,1,61,19,1,0.311475409836066,68.8524590163934,"Clutch"
2969569,"Evgeniia Belyakova",1,1,70,22,1,0.314285714285714,68.5714285714286,"Clutch"
5106150,"Stephanie Soares",1,1,35,11,1,0.314285714285714,68.5714285714286,"Clutch"
884,"Abi Olajuwon",1,1,33,11,1,0.333333333333333,66.6666666666667,"Clutch"
3056639,"Linnae Harper",1,1,82,32,1,0.390243902439024,60.9756097560976,"Clutch"
1020,"Chastity Reed",1,1,51,20,1,0.392156862745098,60.7843137254902,"Clutch"
4281930,"Anneli Maley",1,1,5,2,1,0.4,60,"Clutch"
550,"Iciss Tillis",1,1,118,49,1,0.415254237288136,58.4745762711864,"Clutch"
3143149,"Paris Kea",2,2,110,46,1,0.418181818181818,58.1818181818182,"Clutch"
936,"Jene  Morris",1,1,86,36,1,0.418604651162791,58.1395348837209,"Clutch"
4433424,"Maddy Westbeld",1,1,120,51,1,0.425,57.5,"Clutch"
1103,"Natalie  Novosel",1,1,129,55,1,0.426356589147287,57.3643410852713,"Clutch"
4422424,"Li Meng",2,2,192,83,1,0.432291666666667,56.7708333333333,"Clutch"
3143136,"Jaime Nared",2,2,106,46,1,0.433962264150943,56.6037735849057,"Clutch"
44,"Tamika Williams-Jeter",2,2,182,80,1,0.43956043956044,56.043956043956,"Clutch"
2491228,"Nadirah McKenith",2,2,128,57,1,0.4453125,55.46875,"Clutch"
985,"Amber Harris",2,2,394,179,1,0.454314720812183,54.5685279187817,"Clutch"
465,"Suzy Batkovic",3,3,80,37,1,0.4625,53.75,"Clutch"
739,"Kathrin Ress",2,2,104,49,1,0.471153846153846,52.8846153846154,"Clutch"
1069,"Sasha Goodlett",3,3,313,155,1,0.495207667731629,50.4792332268371,"Clutch"
676,"Zane Teilane",1,1,28,14,1,0.5,50,"Clutch"
2566452,"Cierra Burdick",2,2,118,59,1,0.5,50,"Clutch"
4068600,"Bella Alarie",3,3,159,80,1,0.50314465408805,49.685534591195,"Clutch"
4594527,"Dulcy Fankam Mendjiadeu",5,5,151,77,1,0.509933774834437,49.0066225165563,"Clutch"
4068890,"Stella Johnson",3,3,48,25,1,0.520833333333333,47.9166666666667,"Clutch"
4398591,"Liz Dixon",1,1,65,35,1,0.538461538461538,46.1538461538462,"Clutch"
4038352,"Nayo Raincock-Ekunwe",1,1,242,138,1,0.570247933884298,42.9752066115703,"Clutch"
3142242,"Amy Okonkwo",2,2,79,46,1,0.582278481012658,41.7721518987342,"Clutch"
463,"Chantelle Anderson",2,2,190,112,1,0.589473684210526,41.0526315789474,"Clutch"
2590350,"Samantha Logic",3,2,79,22,0.666666666666667,0.278481012658228,38.8185654008439,"Clutch"
631,"Anna Montanana",4,3,32,12,0.75,0.375,37.5,"Clutch"
4595910,"Haley Jones",17,14,618,279,0.823529411764706,0.451456310679612,37.2073101085094,"Clutch"
750,"Brooke Smith",3,3,95,62,1,0.652631578947368,34.7368421052632,"Clutch"
715,"Shanna Crossley",14,11,703,313,0.785714285714286,0.445234708392603,34.0479577321683,"Clutch"
3146149,"Brooke McCarty-Williams",3,2,99,35,0.666666666666667,0.353535353535354,31.3131313131313,"Clutch"
4432865,"Jacy Sheldon",13,10,427,201,0.769230769230769,0.470725995316159,29.850477391461,"Clutch"
3920741,"Kitija Laksa",7,5,208,88,0.714285714285714,0.423076923076923,29.1208791208791,"Clutch"
879,"Katie Mattera",6,5,33,18,0.833333333333333,0.545454545454545,28.7878787878788,"Clutch"
2590051,"Andrea Hoover",3,2,51,20,0.666666666666667,0.392156862745098,27.4509803921569,"Clutch"
2529124,"Tricia Liston",7,5,138,62,0.714285714285714,0.449275362318841,26.5010351966874,"Clutch"
2970295,"Celine Dumerc",6,4,121,49,0.666666666666667,0.40495867768595,26.1707988980716,"Clutch"
3142149,"Kiara Leslie",3,2,148,60,0.666666666666667,0.405405405405405,26.1261261261261,"Clutch"
677,"Megan Mahoney",3,2,160,67,0.666666666666667,0.41875,24.7916666666667,"Clutch"
4683006,"Leonie Fiebich",14,11,614,331,0.785714285714286,0.539087947882736,24.662633783155,"Clutch"
2491335,"A'dia Mathies",3,2,90,38,0.666666666666667,0.422222222222222,24.4444444444444,"Clutch"
933,"Alexis Gray-Lawson",6,4,241,103,0.666666666666667,0.427385892116183,23.9280774550484,"Clutch"
2569047,"Blake Dietrick",3,2,196,84,0.666666666666667,0.428571428571429,23.8095238095238,"Clutch"
683,"Nikki Blue",23,15,394,165,0.652173913043478,0.418781725888325,23.3392187155153,"Clutch"
4684384,"Aneesah Morrow",13,9,381,175,0.692307692307692,0.459317585301837,23.2990107005855,"Clutch"
2529125,"Haley Peters",13,8,352,135,0.615384615384615,0.383522727272727,23.1861888111888,"Clutch"
983,"Jeanette Pohlen-Mavunga",20,14,480,225,0.7,0.46875,23.125,"Clutch"
2491328,"Jasmine James",3,2,78,34,0.666666666666667,0.435897435897436,23.0769230769231,"Clutch"
632,"Jamie Carey",22,14,287,118,0.636363636363636,0.411149825783972,22.5213810579664,"Clutch"
982,"Carolyn Swords",10,8,975,574,0.8,0.588717948717949,21.1282051282051,"Clutch"
876,"Lindsay  Wisdom-Hylton",7,5,440,223,0.714285714285714,0.506818181818182,20.7467532467532,"Clutch"
949,"Taylor Lilley",3,2,69,32,0.666666666666667,0.463768115942029,20.2898550724638,"Clutch"
814,"Sequoia Holmes",7,4,244,90,0.571428571428571,0.368852459016393,20.2576112412178,"Clutch"
4398966,"Olivia Nelson-Ododa",14,11,797,468,0.785714285714286,0.587202007528231,19.8512278186055,"Clutch"
167,"Allison Feaster",4,2,172,52,0.5,0.302325581395349,19.7674418604651,"Clutch"
4065780,"Kaila Charles",6,4,594,279,0.666666666666667,0.46969696969697,19.6969696969697,"Clutch"
654,"Yelena Leuchanka",10,7,261,132,0.7,0.505747126436782,19.4252873563218,"Clutch"
785,"Crystal Kelly",17,14,545,343,0.823529411764706,0.629357798165138,19.4171613599568,"Clutch"
2490786,"Davellyn Whyte",5,3,160,65,0.6,0.40625,19.375,"Clutch"
626,"Sandora Irvin",5,3,218,89,0.6,0.408256880733945,19.1743119266055,"Clutch"
682,"Tamara James",10,7,238,121,0.7,0.508403361344538,19.1596638655462,"Clutch"
674,"Kasha Terry",3,2,147,71,0.666666666666667,0.482993197278912,18.3673469387755,"Clutch"
4398768,"Nyara Sabally",8,6,356,203,0.75,0.570224719101124,17.9775280898876,"Clutch"
637,"Chelsea Newton",18,12,719,351,0.666666666666667,0.488178025034771,17.8488641631896,"Clutch"
510,"Erin Thorn",83,53,1146,528,0.63855421686747,0.460732984293194,17.7821232574276,"Clutch"
4634697,"Bernadett Hatar",3,2,49,24,0.666666666666667,0.489795918367347,17.687074829932,"Clutch"
2529203,"Natalie Achonwa",46,35,1501,877,0.760869565217391,0.584277148567622,17.659241664977,"Clutch"
4433408,"Aaliyah Edwards",23,16,508,264,0.695652173913043,0.519685039370079,17.5967134542965,"Clutch"
4398764,"Rae Burrell",21,14,592,291,0.666666666666667,0.491554054054054,17.5112612612613,"Clutch"
316,"Murriel Page",28,18,451,213,0.642857142857143,0.472283813747228,17.0573329109915,"Clutch"
2490514,"Tianna Hawkins",49,34,1870,983,0.693877551020408,0.525668449197861,16.8209101822547,"Clutch"
4433403,"Caitlin Clark",74,49,985,488,0.662162162162162,0.495431472081218,16.6730690080944,"Clutch"
3056664,"Alaina Coates",4,3,272,159,0.75,0.584558823529412,16.5441176470588,"Clutch"
3173145,"Marianna Tolo",13,9,140,74,0.692307692307692,0.528571428571429,16.3736263736264,"Clutch"
1002,"Jessica Breland",117,75,2199,1052,0.641025641025641,0.478399272396544,16.2626368629097,"Clutch"
1085,"Avery Warley-Talbert",3,2,355,180,0.666666666666667,0.507042253521127,15.962441314554,"Clutch"
954,"Jayne Appel-Marinelli",41,28,956,502,0.682926829268293,0.52510460251046,15.7822226757833,"Clutch"
692,"Lisa Willis",15,9,398,176,0.6,0.442211055276382,15.7788944723618,"Clutch"
4282168,"Kiana Williams",6,3,73,25,0.5,0.342465753424658,15.7534246575342,"Clutch"
4329370,"Maria Kliundikova",3,2,379,193,0.666666666666667,0.509234828496042,15.7431838170624,"Clutch"
5130672,"Ivana Dojkic",8,5,257,121,0.625,0.470817120622568,15.4182879377432,"Clutch"
4433431,"Te-Hina Paopao",5,3,242,108,0.6,0.446280991735537,15.3719008264463,"Clutch"
4001679,"Julie Allemand",22,14,421,204,0.636363636363636,0.484560570071259,15.1803066292377,"Clutch"
643,"Edwige Lawson-Wade",28,17,569,261,0.607142857142857,0.458699472759227,14.844338438363,"Clutch"
4790263,"Iliana Rupert",5,3,289,131,0.6,0.453287197231834,14.6712802768166,"Clutch"
684,"Jennifer Lacy",66,39,1702,761,0.590909090909091,0.447121034077556,14.3788056831535,"Clutch"
661,"LaToya Bond",15,9,325,149,0.6,0.458461538461538,14.1538461538461,"Clutch"
3907781,"Sophie Cunningham",58,38,1610,829,0.655172413793103,0.514906832298137,14.0265581494967,"Clutch"
790,"Laura Harper",20,13,420,216,0.65,0.514285714285714,13.5714285714286,"Clutch"
4433635,"Diamond Miller",15,9,729,339,0.6,0.465020576131687,13.4979423868313,"Clutch"
619,"Ashley Battle",41,24,821,371,0.585365853658537,0.451887941534714,13.3477912123823,"Clutch"
4398928,"Leigha Brown",2,1,30,11,0.5,0.366666666666667,13.3333333333333,"Clutch"
3142327,"Kia Nurse",102,60,2397,1103,0.588235294117647,0.460158531497705,12.8076762619942,"Clutch"
153,"Anna DeForge",72,42,1033,471,0.583333333333333,0.45595353339787,12.7379799935463,"Clutch"
3058892,"Lexie Brown",43,24,1008,436,0.558139534883721,0.432539682539683,12.5599852344038,"Clutch"
2590093,"Kiah Stokes",48,31,1185,617,0.645833333333333,0.520675105485232,12.5158227848101,"Clutch"
4065879,"Jocelyn Willoughby",10,6,223,106,0.6,0.475336322869955,12.4663677130045,"Clutch"
729,"Tiffany Jackson-Jones",51,33,1647,861,0.647058823529412,0.522768670309654,12.4290153219758,"Clutch"
600,"Kendra Wecker",12,6,271,102,0.5,0.376383763837638,12.3616236162362,"Clutch"
1084,"Samantha Prahalis",20,11,414,177,0.55,0.427536231884058,12.2463768115942,"Clutch"
4433630,"Rickea Jackson",51,32,1083,548,0.627450980392157,0.506001846722068,12.1449133670088,"Clutch"
4068178,"Arella Guirantes",2,1,140,53,0.5,0.378571428571429,12.1428571428571,"Clutch"
2335452,"Jelena Milovanovic",10,6,71,34,0.6,0.47887323943662,12.112676056338,"Clutch"
192,"Yolanda Griffith",37,25,1267,705,0.675675675675676,0.556432517758485,11.9243157917191,"Clutch"
846,"Anete Jekabsone-Zogota",29,16,490,212,0.551724137931034,0.43265306122449,11.9071076706545,"Clutch"
761,"Evanthia Maltsi",12,6,146,56,0.5,0.383561643835616,11.6438356164384,"Clutch"
4337216,"Han Xu",8,5,358,183,0.625,0.511173184357542,11.3826815642458,"Clutch"
292,"Kelly  Miller",109,64,1549,736,0.587155963302752,0.475145255003228,11.2010708299524,"Clutch"
4329389,"Ji-Su Park",2,1,244,95,0.5,0.389344262295082,11.0655737704918,"Clutch"
645,"Kristen Mann",32,17,630,265,0.53125,0.420634920634921,11.0615079365079,"Clutch"
28,"Marie  Ferdinand-Harris",80,47,1390,663,0.5875,0.476978417266187,11.0521582733813,"Clutch"
2566453,"Isabelle Harrison",97,62,1959,1038,0.639175257731959,0.529862174578867,10.9313083153092,"Clutch"
349,"Nykesha Sales",45,26,747,351,0.577777777777778,0.469879518072289,10.7898259705489,"Clutch"
1004,"Sydney Colson",12,7,884,422,0.583333333333333,0.47737556561086,10.5957767722474,"Clutch"
522,"Nakia Sanford",90,56,1884,980,0.622222222222222,0.520169851380042,10.205237084218,"Clutch"
878,"Erin Perperoglou",6,3,133,53,0.5,0.398496240601504,10.1503759398496,"Clutch"
4790264,"Janelle Salaun",32,18,415,192,0.5625,0.462650602409639,9.98493975903614,"Clutch"
561,"Vanessa Hayden-Johnson",23,13,522,243,0.565217391304348,0.46551724137931,9.97001499250375,"Clutch"
40,"Katie Smith",273,157,3103,1490,0.575091575091575,0.480180470512407,9.49111045791677,"Clutch"
737,"Noelle Quinn",120,65,2022,905,0.541666666666667,0.44757665677547,9.40900098911968,"Clutch"
509,"LaToya Thomas",33,20,423,217,0.606060606060606,0.513002364066194,9.30582419944123,"Clutch"
2490773,"Alex Bentley",171,89,2699,1165,0.52046783625731,0.431641348647647,8.88264876096627,"Clutch"
2566110,"Julie Vanloo",32,14,410,143,0.4375,0.348780487804878,8.8719512195122,"Clutch"
2566479,"Brianna Kiesel",10,5,294,121,0.5,0.41156462585034,8.84353741496598,"Clutch"
150,"Helen Darling",31,16,790,338,0.516129032258065,0.427848101265823,8.82809309922417,"Clutch"
672,"Christelle N'Garsanet",7,3,47,16,0.428571428571429,0.340425531914894,8.81458966565349,"Clutch"
4281077,"Megan Walker",11,5,305,112,0.454545454545455,0.367213114754098,8.73323397913562,"Clutch"
716,"Jessica Davenport",41,27,1311,749,0.658536585365854,0.571319603356217,8.7216982009637,"Clutch"
166,"Barbara Farris",20,12,532,273,0.6,0.513157894736842,8.68421052631578,"Clutch"
4280892,"Chennedy Carter",71,44,1227,654,0.619718309859155,0.533007334963325,8.67109748958297,"Clutch"
775,"Candice Wiggins",124,70,2042,976,0.564516129032258,0.47796278158668,8.65533474455784,"Clutch"
566,"Shameka Christon",184,103,2751,1305,0.559782608695652,0.474372955288986,8.54096534066664,"Clutch"
3058901,"Allisha Gray",240,147,4403,2327,0.6125,0.528503293209176,8.39967067908245,"Clutch"
863,"Rashanda McCants",4,2,341,142,0.5,0.416422287390029,8.35777126099707,"Clutch"
773,"Charde Houston",99,56,1893,914,0.565656565656566,0.48283148441627,8.28250812402951,"Clutch"
4398829,"Lexie Hull",38,20,907,403,0.526315789473684,0.444321940463065,8.19938490106191,"Clutch"
4398911,"Shakira Austin",84,51,1210,636,0.607142857142857,0.525619834710744,8.15230224321133,"Clutch"
4433524,"Sonia Citron",47,30,587,327,0.638297872340426,0.557069846678024,8.12280256624017,"Clutch"
13,"Linda Frohlich",2,1,88,37,0.5,0.420454545454545,7.95454545454545,"Clutch"
4065759,"Mikiah Herbert Harrigan",6,3,195,82,0.5,0.420512820512821,7.94871794871795,"Clutch"
680,"Sophia Young-Malcolm",306,187,5058,2694,0.611111111111111,0.532621589561091,7.84895215500199,"Clutch"
1053,"Glory Johnson",186,111,2775,1439,0.596774193548387,0.518558558558559,7.82156349898285,"Clutch"
3056672,"Mercedes Russell",33,21,1040,582,0.636363636363636,0.559615384615385,7.67482517482517,"Clutch"
2490769,"Tayler Hill",119,65,1460,687,0.546218487394958,0.470547945205479,7.56705421894785,"Clutch"
2566211,"Reshanda Gray",20,12,609,320,0.6,0.525451559934319,7.45484400656814,"Clutch"
706,"Alison Bales",27,16,544,282,0.592592592592593,0.518382352941177,7.4210239651416,"Clutch"
568,"Cathy Joens",6,3,183,78,0.5,0.426229508196721,7.37704918032787,"Clutch"
2530082,"Theresa Plaisance",50,24,1067,434,0.48,0.406747891283974,7.32521087160262,"Clutch"
537,"Jia Perkins",372,203,4489,2121,0.545698924731183,0.472488304744932,7.32106199862507,"Clutch"
2529622,"Kayla Thornton",114,64,2420,1186,0.56140350877193,0.490082644628099,7.13208641438306,"Clutch"
1105,"Sydney Carter",13,6,276,108,0.461538461538462,0.391304347826087,7.02341137123746,"Clutch"
608,"Roneeka Hodges",79,39,1891,803,0.493670886075949,0.424643046007403,6.90278400685459,"Clutch"
700,"Armintie Herrington",77,43,2327,1142,0.558441558441558,0.490760636012033,6.76809224295257,"Clutch"
3913903,"Teaira McCowan",124,81,2257,1322,0.653225806451613,0.585733274257864,6.74925321937485,"Clutch"
2069374,"Lindsey Harding",288,159,3219,1560,0.552083333333333,0.484622553588071,6.74607797452625,"Clutch"
4433405,"Kamilla Cardoso",36,23,845,483,0.638888888888889,0.571597633136095,6.72912557527942,"Clutch"
371,"Belinda  Snell",17,8,481,194,0.470588235294118,0.403326403326403,6.72618319677143,"Clutch"
4038379,"Marine Johannes",23,12,860,391,0.521739130434783,0.454651162790698,6.70879676440849,"Clutch"
805,"Crystal Langhorne",187,123,4287,2533,0.657754010695187,0.59085607651038,6.68979341848069,"Clutch"
3142948,"Victoria Vivians",55,26,1324,540,0.472727272727273,0.40785498489426,6.48722878330129,"Clutch"
4433402,"Angel Reese",65,38,1057,550,0.584615384615385,0.520340586565752,6.42747980496325,"Clutch"
372,"Michelle Snow",112,70,2361,1324,0.625,0.560779330792037,6.42206692079628,"Clutch"
562,"Amber Jacobs",17,9,395,184,0.529411764705882,0.465822784810127,6.35889798957558,"Clutch"
4398751,"Destanni Henderson",16,8,307,134,0.5,0.436482084690554,6.35179153094462,"Clutch"
4898384,"Kiki Iriafen",35,22,612,346,0.628571428571429,0.565359477124183,6.32119514472456,"Clutch"
721,"Kerri Gardin",30,14,542,220,0.466666666666667,0.40590405904059,6.07626076260763,"Clutch"
16,"Vickie Johnson",71,39,1181,577,0.549295774647887,0.488569009314141,6.07267653337468,"Clutch"
2984237,"Imani McGee-Stafford",37,21,583,296,0.567567567567568,0.507718696397942,5.98488711696259,"Clutch"
783,"Matee Ajavon",249,130,2738,1267,0.522088353413655,0.462746530314098,5.93418230995568,"Clutch"
1110,"Shekinna Stricklen",79,39,2251,978,0.493670886075949,0.434473567303421,5.91973187725287,"Clutch"
4433404,"Cameron Brink",11,6,220,107,0.545454545454545,0.486363636363636,5.9090909090909,"Clutch"
916,"Allison Hightower",73,36,905,393,0.493150684931507,0.434254143646409,5.8896541285098,"Clutch"
3888043,"Cayla George",13,6,518,209,0.461538461538462,0.403474903474904,5.80635580635581,"Clutch"
882,"Epiphanny Prince",260,145,3708,1854,0.557692307692308,0.5,5.76923076923077,"Clutch"
2984366,"Markeisha Gatling",9,6,297,181,0.666666666666667,0.609427609427609,5.72390572390572,"Clutch"
640,"Kara Braxton",102,58,2514,1287,0.568627450980392,0.511933174224344,5.66942767560484,"Clutch"
4066553,"Aari McDonald",71,39,1244,613,0.549295774647887,0.492765273311897,5.65305013359902,"Clutch"
664,"Scholanda  Dorrell",42,22,1805,845,0.523809523809524,0.46814404432133,5.56654794881942,"Clutch"
2490794,"Layshia Clarendon",184,104,2318,1184,0.565217391304348,0.510785159620362,5.44322316839854,"Clutch"
4432831,"Aliyah Boston",148,94,1789,1039,0.635135135135135,0.580771380659586,5.43637544755487,"Clutch"
89,"Tully  Bevilaqua",65,32,1198,528,0.492307692307692,0.440734557595993,5.1573134711699,"Clutch"
2529122,"Chelsea Gray",322,186,5010,2637,0.577639751552795,0.526347305389222,5.12924461635734,"Clutch"
730,"Ivory Latta",286,152,3536,1699,0.531468531468531,0.480486425339367,5.09821061291649,"Clutch"
4065818,"Leaonna Odom",5,3,173,95,0.6,0.549132947976879,5.08670520231214,"Clutch"
1014,"Danielle Robinson",221,129,3483,1856,0.583710407239819,0.532873959230548,5.08364480092707,"Clutch"
4065870,"Jackie Young",191,114,3986,2177,0.596858638743455,0.546161565479177,5.06970732642783,"Clutch"
388,"Penny Taylor",228,149,3031,1830,0.653508771929825,0.603761134938964,4.97476369908606,"Steady"
286,"Taj McWilliams-Franklin",200,119,2758,1504,0.595,0.545322697606962,4.96773023930384,"Steady"
416,"DeMya Chakheia Walker",51,28,1217,608,0.549019607843137,0.499589153656532,4.94304541866049,"Steady"
3917450,"Napheesa Collier",238,148,3900,2233,0.621848739495798,0.572564102564103,4.92846369316957,"Steady"
2529137,"Natasha Cloud",235,124,3325,1592,0.527659574468085,0.478796992481203,4.88625819868821,"Steady"
3156318,"Kristy Wallace",26,13,574,259,0.5,0.451219512195122,4.8780487804878,"Steady"
4336633,"Li Yueru",10,6,399,220,0.6,0.551378446115288,4.86215538847118,"Steady"
321,"Ticha  Penicheiro",165,91,1475,742,0.551515151515152,0.503050847457627,4.84643040575244,"Steady"
602,"Shyra  Ely-Gash",8,4,690,312,0.5,0.452173913043478,4.78260869565217,"Steady"
4066533,"Sabrina Ionescu",280,152,3343,1656,0.542857142857143,0.495363446006581,4.74936968505619,"Steady"
735,"Shay Murphy",45,22,1209,534,0.488888888888889,0.441687344913151,4.72015439757375,"Steady"
1018,"Kayla Pedersen",22,11,783,355,0.5,0.45338441890166,4.66155810983397,"Steady"
2593770,"Betnijah Laney-Hamilton",146,80,2450,1230,0.547945205479452,0.502040816326531,4.59043891529214,"Steady"
646,"Jessica  Moore",20,11,823,415,0.55,0.504252733900365,4.57472660996355,"Steady"
270,"Hamchetou Maiga-Ba",59,33,1215,624,0.559322033898305,0.51358024691358,4.57417869847248,"Steady"
2590050,"Ally Malott",6,3,132,60,0.5,0.454545454545455,4.54545454545455,"Steady"
4398752,"Victaria Saxton",2,1,35,16,0.5,0.457142857142857,4.28571428571429,"Steady"
2569044,"Temi Fagbenle",22,13,667,366,0.590909090909091,0.548725637181409,4.21834537276816,"Steady"
2491232,"Kayla Alexander",18,11,840,478,0.611111111111111,0.569047619047619,4.20634920634921,"Steady"
9,"DeLisha Milton-Jones",217,117,3518,1749,0.539170506912442,0.497157475838545,4.20130310738978,"Steady"
14,"Becky Hammon",415,241,3755,2023,0.580722891566265,0.538748335552596,4.19745560136686,"Steady"
156,"Katie Douglas",378,201,4498,2204,0.531746031746032,0.489995553579369,4.17504781666632,"Steady"
4281190,"Dana Evans",49,25,1400,656,0.510204081632653,0.468571428571429,4.16326530612245,"Steady"
4398729,"Emily Engstler",16,8,578,265,0.5,0.458477508650519,4.1522491349481,"Steady"
4282173,"Michaela Onyenwere",38,20,1375,667,0.526315789473684,0.485090909090909,4.12248803827751,"Steady"
2529185,"Bria Hartley",133,67,2136,988,0.503759398496241,0.462546816479401,4.12125820168399,"Steady"
538,"Nicole Powell",238,120,3084,1431,0.504201680672269,0.464007782101167,4.01938985711016,"Steady"
828,"Alexis Hornbuckle",37,17,1184,497,0.459459459459459,0.419763513513513,3.9695945945946,"Steady"
563,"Nicole Ohlde",58,33,1395,739,0.568965517241379,0.529749103942652,3.9216413298727,"Steady"
2529205,"Kayla McBride",451,250,5716,2948,0.554323725055432,0.515745276417075,3.85784486383575,"Steady"
394,"Tina Thompson",254,139,3789,1930,0.547244094488189,0.509369226708894,3.78748677792948,"Steady"
4399415,"Maddy Siegrist",17,10,714,393,0.588235294117647,0.550420168067227,3.78151260504201,"Steady"
2529950,"Chiney Ogwumike",80,50,1930,1134,0.625,0.587564766839378,3.74352331606218,"Steady"
2529183,"Stefanie Dolson",174,102,2919,1602,0.586206896551724,0.548818088386434,3.73888081652903,"Steady"
4065760,"Tyasha Harris",70,35,1221,565,0.5,0.462735462735463,3.72645372645373,"Steady"
614,"Loree  Moore",65,29,1076,440,0.446153846153846,0.408921933085502,3.72319130683443,"Steady"
3142250,"Jordin Canada",183,98,2573,1283,0.53551912568306,0.498639720171007,3.68794055120535,"Steady"
802,"Essence Carson",157,78,3177,1463,0.496815286624204,0.460497324519987,3.63179621042164,"Steady"
291,"Coco  Miller",49,24,1184,537,0.489795918367347,0.453547297297297,3.62486210700496,"Steady"
803,"Erlana Larkins",116,75,1613,985,0.646551724137931,0.610663360198388,3.5888363939543,"Steady"
4398776,"NaLyssa Smith",72,39,1896,959,0.541666666666667,0.505801687763713,3.58649789029536,"Steady"
3146151,"Ariel Atkins",259,140,3416,1725,0.540540540540541,0.504976580796253,3.55639597442876,"Steady"
592,"Le'coe Willingham",61,35,1615,870,0.573770491803279,0.538699690402477,3.50708014008019,"Steady"
3102551,"Anna Cruz",38,20,515,253,0.526315789473684,0.49126213592233,3.50536535513541,"Steady"
571,"Rebekkah Brunson",222,126,4721,2515,0.567567567567568,0.532726117348019,3.48414502195481,"Steady"
915,"Kelsey Griffin",28,14,997,464,0.5,0.465396188565697,3.46038114343029,"Steady"
4066548,"DiJonai Carrington",72,38,1785,881,0.527777777777778,0.493557422969188,3.42203548085901,"Steady"
124,"Iziane Castro",150,75,2933,1370,0.5,0.46709853392431,3.29014660756904,"Steady"
3142055,"Myisha Hines-Allen",105,56,2051,1027,0.533333333333333,0.500731350560702,3.26019827726313,"Steady"
2999140,"Bria Holmes",39,19,1126,512,0.487179487179487,0.454706927175844,3.24725600036435,"Steady"
2491197,"Sugar Rodgers",135,62,1918,819,0.459259259259259,0.427007299270073,3.22519599891863,"Steady"
125,"Tamika Catchings",502,289,6233,3388,0.575697211155379,0.543558479063052,3.2138732092327,"Steady"
27,"Margo Dydek",19,11,640,350,0.578947368421053,0.546875,3.20723684210527,"Steady"
685,"Cappie Pondexter",640,350,7696,3966,0.546875,0.51533264033264,3.15423596673596,"Steady"
2491214,"Erica Wheeler",279,137,3203,1474,0.491039426523298,0.460193568529504,3.08458579937939,"Steady"
3142191,"Kelsey Mitchell",275,147,4823,2430,0.534545454545455,0.503835786854655,3.07096676907997,"Steady"
924,"Alysha Clark",124,69,2721,1431,0.556451612903226,0.525909592061742,3.05420208414837,"Steady"
796,"Leilani Mitchell",175,87,2651,1237,0.497142857142857,0.466616371180687,3.05264859621706,"Steady"
2955898,"Damiris Dantas",53,27,1973,946,0.509433962264151,0.479472883933097,2.99610783310542,"Steady"
1011,"Krystal Thomas",29,16,726,379,0.551724137931034,0.522038567493113,2.96855704379215,"Steady"
809,"Shannon  Bobbitt",33,13,532,194,0.393939393939394,0.364661654135338,2.92777398040556,"Steady"
213,"Chamique Holdsclaw",67,38,1226,660,0.567164179104478,0.538336052202284,2.88281269021937,"Steady"
2998927,"Moriah Jefferson",70,36,1772,864,0.514285714285714,0.487584650112867,2.67010641728474,"Steady"
838,"Kia Vaughn",86,45,2665,1324,0.523255813953488,0.496810506566604,2.64453073868843,"Steady"
1101,"Devereaux Peters",11,6,834,433,0.545454545454545,0.519184652278177,2.6269893176368,"Steady"
222,"Lauren  Jackson",197,121,3291,1935,0.614213197969543,0.587967183226983,2.62460147425604,"Steady"
2529458,"Cheyenne Parker-Tyus",149,87,2661,1484,0.583892617449664,0.557685080796693,2.62075366529715,"Steady"
4281929,"Satou Sabally",146,80,2549,1333,0.547945205479452,0.52295017653982,2.49950289396325,"Steady"
121,"Dominique  Canty",122,64,1574,787,0.524590163934426,0.5,2.45901639344263,"Steady"
1049,"Riquna Williams",164,82,2929,1394,0.5,0.475930351655855,2.40696483441448,"Steady"
34,"Svetlana  Abrosimova",42,20,1108,501,0.476190476190476,0.452166064981949,2.40244112085267,"Steady"
3142087,"Kathryn Westbeld",16,7,261,108,0.4375,0.413793103448276,2.37068965517241,"Steady"
584,"Ashley Robinson",12,5,612,241,0.416666666666667,0.393790849673203,2.28758169934641,"Steady"
993,"Ramu Tokashiki",22,12,579,303,0.545454545454545,0.523316062176166,2.21384832783796,"Steady"
3054119,"Saniya Chong",2,1,115,55,0.5,0.478260869565217,2.17391304347826,"Steady"
2566106,"Dearica Hamby",230,129,4315,2328,0.560869565217391,0.539513325608343,2.13562396090483,"Steady"
581,"Alana Beard",308,162,4264,2152,0.525974025974026,0.5046904315197,2.12835944543261,"Steady"
3906949,"Jessica Shepard",47,28,890,512,0.595744680851064,0.575280898876405,2.04637819746593,"Steady"
2529047,"Odyssey Sims",278,143,4292,2122,0.514388489208633,0.494408201304753,1.99802879038801,"Steady"
1012,"Jenna O'Hea",22,11,653,314,0.5,0.480857580398162,1.91424196018377,"Steady"
1016,"Danielle Adams",98,51,1971,988,0.520408163265306,0.501268391679351,1.91397715859556,"Steady"
732,"Camille Little",267,143,4051,2095,0.535580524344569,0.517156257714145,1.84242666304246,"Steady"
3904577,"Arike Ogunbowale",403,203,4727,2296,0.503722084367246,0.48572033001904,1.80017543482061,"Steady"
622,"Tan White",193,89,2588,1147,0.461139896373057,0.443199381761978,1.79405146110786,"Steady"
751,"Erin Grant",2,1,31,15,0.5,0.483870967741935,1.61290322580645,"Steady"
651,"Monique Currie",358,194,4723,2490,0.541899441340782,0.527207283506246,1.46921578345361,"Steady"
2566210,"Brittany Boyd-Jones",42,21,964,468,0.5,0.485477178423237,1.45228215767635,"Steady"
1106,"Sonja Petrovic",6,3,348,169,0.5,0.485632183908046,1.4367816091954,"Steady"
37,"Betty Lennox",106,55,2045,1033,0.518867924528302,0.505134474327628,1.37334502006735,"Steady"
545,"Lindsay Whalen",442,251,5695,3157,0.567873303167421,0.554345917471466,1.35273856959546,"Steady"
2491192,"Kelly Faris",21,10,255,118,0.476190476190476,0.462745098039216,1.34453781512605,"Steady"
2491877,"Elena Delle Donne",310,187,4978,2937,0.603225806451613,0.589995982322218,1.32298241293952,"Steady"
341,"Ruth Riley",38,19,1347,656,0.5,0.487008166295471,1.29918337045286,"Steady"
678,"Erin Phillips",75,38,1665,822,0.506666666666667,0.493693693693694,1.2972972972973,"Steady"
1054,"Tiffany Hayes",321,178,5342,2896,0.554517133956386,0.542119056533134,1.23980774232526,"Steady"
3099736,"Stephanie Talbot",45,22,1089,519,0.488888888888889,0.476584022038567,1.23048668503214,"Steady"
604,"Temeka Johnson",186,90,2762,1303,0.483870967741935,0.471759594496741,1.2111373245194,"Steady"
766,"Sylvia Fowles",350,227,6338,4039,0.648571428571429,0.637267276743452,1.13041518279764,"Steady"
2968408,"Clarissa dos Santos",19,10,299,154,0.526315789473684,0.51505016722408,1.12656222496039,"Steady"
3056730,"Karlie Samuelson",31,16,573,290,0.516129032258065,0.506108202443281,1.00208298147835,"Steady"
1008,"Jasmine Thomas",248,111,4276,1874,0.44758064516129,0.438260056127222,0.932058903406863,"Steady"
4068159,"Sug Sutton",22,10,826,368,0.454545454545455,0.445520581113801,0.902487343165309,"Steady"
2529130,"Natasha Howard",241,133,4852,2635,0.551867219917012,0.543075020610058,0.879219930695474,"Steady"
112,"Erin Buescher",26,15,887,504,0.576923076923077,0.568207440811725,0.871563611135195,"Steady"
479,"Cheryl Ford",97,52,1575,831,0.536082474226804,0.527619047619048,0.846342660775645,"Steady"
3149391,"A'ja Wilson",338,203,6952,4117,0.600591715976331,0.592203682393556,0.838803358277551,"Steady"
865,"Renee Montgomery",276,135,3762,1809,0.489130434782609,0.480861244019139,0.826919076346994,"Steady"
3888044,"Marta Xargay",4,2,244,120,0.5,0.491803278688525,0.819672131147542,"Steady"
1003,"Karima Christmas-Kelly",172,88,2238,1127,0.511627906976744,0.503574620196604,0.805328678014006,"Steady"
856,"Kristi Toliver",336,177,4641,2408,0.526785714285714,0.518853695324284,0.79320189614307,"Steady"
2,"Erika de Souza",158,88,3252,1786,0.556962025316456,0.54920049200492,0.776153331153562,"Steady"
3904576,"Marina Mabrey",173,80,3061,1392,0.46242774566474,0.454753348578896,0.767439708584411,"Steady"
2491205,"Skylar Diggins",537,289,5923,3145,0.538175046554935,0.530980921830154,0.71941247247812,"Steady"
842,"Courtney Paris",79,42,1414,742,0.531645569620253,0.524752475247525,0.689309437272834,"Steady"
981,"Courtney Vandersloot",369,192,4799,2466,0.520325203252033,0.513857053552824,0.646814969920906,"Steady"
774,"Nicky Anosike",92,50,1480,796,0.543478260869565,0.537837837837838,0.56404230317274,"Steady"
2566186,"Rachel Banham",68,30,1786,779,0.441176470588235,0.436170212765957,0.500625782227782,"Steady"
384,"Tammy  Sutton-Brown",146,81,2544,1399,0.554794520547945,0.549921383647799,0.487313690014646,"Steady"
835,"Marissa Coleman",130,58,2597,1148,0.446153846153846,0.442048517520216,0.410532863363056,"Steady"
3913868,"Kristine Anigwe",2,1,284,141,0.5,0.496478873239437,0.352112676056338,"Steady"
798,"LaToya Sanders",40,23,1009,577,0.575,0.57185332011893,0.314667988107031,"Steady"
851,"Shavonte Zellous",225,118,3976,2073,0.524444444444444,0.521378269617706,0.306617482673821,"Steady"
869,"DeWanna Bonner",627,333,9344,4937,0.5311004784689,0.528360445205479,0.274003326342009,"Steady"
2998928,"Breanna Stewart",454,258,6827,3861,0.568281938325991,0.565548557199355,0.273338112663568,"Steady"
233,"Tiffani Johnson",4,2,187,93,0.5,0.497326203208556,0.267379679144386,"Steady"
724,"Sandrine Gruda",67,34,1150,581,0.507462686567164,0.505217391304348,0.224529526281636,"Steady"
764,"Allie Quigley",247,127,3873,1983,0.51417004048583,0.512006196746708,0.216384373912193,"Steady"
2999101,"Jonquel Jones",216,126,4461,2594,0.583333333333333,0.581483972203542,0.184936112979162,"Steady"
3065570,"Kelsey Plum",239,127,4621,2449,0.531380753138075,0.529971867561134,0.140888557694141,"Steady"
3102133,"Rebecca Allen",58,25,1650,709,0.431034482758621,0.42969696969697,0.133751306165097,"Steady"
887,"Sami Whitcomb",105,46,2200,961,0.438095238095238,0.436818181818182,0.127705627705627,"Steady"
2591976,"Crystal Bradford",17,7,280,115,0.411764705882353,0.410714285714286,0.105042016806722,"Steady"
485,"Kara Lawson",249,125,2950,1480,0.502008032128514,0.501694915254237,0.031311687427682,"Steady"
261,"Nancy Lieberman",0,0,1,0,0,0,0,"Steady"
410,"Dalivorka Vilipic",0,0,2,0,0,0,0,"Steady"
520,"Teana Miller",0,0,2,0,0,0,0,"Steady"
582,"Kaayla Chones",0,0,1,0,0,0,0,"Steady"
696,"Ambrosia Anderson",0,0,1,0,0,0,0,"Steady"
746,"Martina Weber",0,0,1,0,0,0,0,"Steady"
763,"Kristen O'Neill",0,0,4,0,0,0,0,"Steady"
811,"Kamela Gissendanner",0,0,4,0,0,0,0,"Steady"
815,"Marcedes Walker",0,0,6,0,0,0,0,"Steady"
824,"Valeriya Berezhynska",0,0,2,0,0,0,0,"Steady"
834,"Florina Pascalau",0,0,1,0,0,0,0,"Steady"
1083,"Zane  Tamane",0,0,2,0,0,0,0,"Steady"
2490903,"Joslyn Tinkle",0,0,4,0,0,0,0,"Steady"
2566494,"Inga Orekhova",0,0,9,0,0,0,0,"Steady"
3054094,"Imani Wright",0,0,1,0,0,0,0,"Steady"
3054133,"Feyonda Fitzgerald",0,0,2,0,0,0,0,"Steady"
3055791,"Sophie Brunner",0,0,1,0,0,0,0,"Steady"
3066473,"Teana Muldrow",0,0,1,0,0,0,0,"Steady"
3142297,"Kenisha Bell",0,0,1,0,0,0,0,"Steady"
3164610,"Megan Huff",0,0,3,0,0,0,0,"Steady"
3904544,"Haley Gorecki",0,0,1,0,0,0,0,"Steady"
3947078,NA,0,0,1,0,0,0,0,"Steady"
4068349,"Hannah Sjerven",0,0,1,0,0,0,0,"Steady"
4398726,"Jessika Carter",0,0,3,0,0,0,0,"Steady"
4398780,"Caitlin Bickle",0,0,3,0,0,0,0,"Steady"
4595236,"Dyaisha Fair",0,0,2,0,0,0,0,"Steady"
4874470,"Tina Krajisnik",0,0,1,0,0,0,0,"Steady"
4898994,"Serena Sundell",0,0,1,0,0,0,0,"Steady"
5220147,"Marieme Badiane",0,0,3,0,0,0,0,"Steady"
812,"Candace Parker",540,297,7518,4137,0.55,0.550279329608939,-0.0279329608938506,"Steady"
2987869,"Jewell Loyd",515,263,6626,3389,0.510679611650485,0.511469966797464,-0.0790355146979005,"Steady"
3906972,"Bridget Carleton",56,26,1324,617,0.464285714285714,0.466012084592145,-0.172637030643069,"Steady"
4398935,"Veronica Burton",69,36,955,500,0.521739130434783,0.523560209424084,-0.182107898930117,"Steady"
720,"Marta Fernandez",31,15,325,158,0.483870967741935,0.486153846153846,-0.228287841191066,"Steady"
1006,"Alex Montgomery",41,17,1048,437,0.414634146341463,0.416984732824427,-0.23505864829641,"Steady"
2530103,"Meighan Simmons",9,3,134,45,0.333333333333333,0.335820895522388,-0.248756218905477,"Steady"
3142010,"Azura Stevens",106,53,2317,1165,0.5,0.50280535174795,-0.280535174794994,"Steady"
3027368,"Emma Meesseman",185,104,3028,1711,0.562162162162162,0.565059445178336,-0.289728301617331,"Steady"
5220150,"Dominique Malonga",11,6,333,183,0.545454545454545,0.54954954954955,-0.409500409500418,"Steady"
312,"Deanna  Nolan",220,108,2721,1348,0.490909090909091,0.495406100698273,-0.449700978918177,"Steady"
872,"Angel McCoughtry",618,327,6981,3727,0.529126213592233,0.53387766795588,-0.475145436364721,"Steady"
956,"Maya Moore",368,197,5756,3112,0.535326086956522,0.540653231410702,-0.532714445418014,"Steady"
4398915,"Naz Hillmon",48,27,917,521,0.5625,0.568157033805889,-0.565703380588878,"Steady"
235,"Asjha Jones",257,129,3339,1695,0.501945525291829,0.507637017070979,-0.569149177915051,"Steady"
819,"Tamera Young",145,66,3330,1536,0.455172413793103,0.461261261261261,-0.60888474681578,"Steady"
5274110,"Monique Akoa Makani",25,12,370,180,0.48,0.486486486486487,-0.648648648648653,"Steady"
3099025,"Astou Ndour-Fall",49,24,697,346,0.489795918367347,0.496413199426112,-0.661728105876497,"Steady"
350,"Sheri Sam",50,21,825,352,0.42,0.426666666666667,-0.666666666666671,"Steady"
2988756,"Brittney Sykes",282,138,3825,1900,0.48936170212766,0.496732026143791,-0.73703240161313,"Steady"
375,"Dawn Staley",13,6,230,108,0.461538461538462,0.469565217391304,-0.802675585284279,"Steady"
3,"Tamecka Dixon",62,29,840,400,0.467741935483871,0.476190476190476,-0.844854070660522,"Steady"
122,"Swin Cash",240,118,4504,2256,0.491666666666667,0.50088809946714,-0.922143280047366,"Steady"
618,"Tanisha Wright",297,153,3669,1927,0.515151515151515,0.525211229217771,-1.00597140662554,"Steady"
2999035,"Aerial Powers",110,56,2422,1260,0.509090909090909,0.520231213872832,-1.11403047819233,"Steady"
695,"Seimone Augustus",448,235,6618,3549,0.524553571428571,0.536264732547597,-1.1711161119026,"Steady"
4433514,"Saniya Rivers",18,8,390,178,0.444444444444444,0.456410256410256,-1.1965811965812,"Steady"
4399842,"Jasmine Dickey",3,1,81,28,0.333333333333333,0.345679012345679,-1.23456790123457,"Steady"
1107,"Shey Peddy",50,24,891,439,0.48,0.492704826038159,-1.27048260381594,"Steady"
491,"Plenette Pierson",236,121,4165,2190,0.51271186440678,0.525810324129652,-1.30984597228723,"Steady"
2566081,"Elizabeth Williams",159,82,3124,1653,0.515723270440252,0.529129321382843,-1.3406050942591,"Steady"
21,"Tamika Whitmore",128,62,1708,851,0.484375,0.49824355971897,-1.38685597189696,"Steady"
974,"Danielle McCray",12,5,442,191,0.416666666666667,0.432126696832579,-1.54600301659125,"Steady"
4280890,"Evina Westbrook",5,2,101,42,0.4,0.415841584158416,-1.58415841584158,"Steady"
777,"Amber  Holt",38,17,1116,517,0.447368421052632,0.46326164874552,-1.58932276928881,"Steady"
585,"Diana Taurasi",878,469,10140,5579,0.534168564920273,0.550197238658777,-1.60286737385038,"Steady"
2491346,"Kelsey Bone",88,43,1432,723,0.488636363636364,0.504888268156425,-1.6251904520061,"Steady"
603,"Cathrine Kraayeveld",130,57,1875,853,0.438461538461538,0.454933333333333,-1.64717948717949,"Steady"
679,"Barbara Turner",46,23,658,340,0.5,0.516717325227964,-1.67173252279635,"Steady"
2490553,"Brittney Griner",324,196,6320,3930,0.604938271604938,0.621835443037975,-1.68971714330364,"Steady"
918,"Tina Charles",516,257,9301,4798,0.498062015503876,0.515858509837652,-1.77964943337759,"Steady"
428,"Adrian Williams-Strong",27,13,703,351,0.481481481481481,0.499288762446657,-1.78072809651758,"Steady"
681,"Shanna Zolman",13,5,223,90,0.384615384615385,0.403587443946188,-1.89720593308037,"Steady"
255,"Amanda Lassiter",13,5,272,110,0.384615384615385,0.404411764705882,-1.97963800904977,"Steady"
1068,"Nneka Ogwumike",465,273,7078,4300,0.587096774193548,0.60751624752755,-2.04194733340018,"Steady"
881,"Monica Wright",47,22,1673,818,0.468085106382979,0.488942020322773,-2.08569139397947,"Steady"
2998938,"Kahleah Copper",245,124,4740,2499,0.506122448979592,0.527215189873418,-2.1092740893826,"Steady"
2987891,"Courtney Williams",331,147,4748,2210,0.444108761329305,0.465459140690817,-2.1350379361512,"Steady"
3142255,"Monique Billings",71,36,1740,923,0.507042253521127,0.530459770114942,-2.34175165938157,"Steady"
369,"Tangela  Smith",139,62,2423,1140,0.446043165467626,0.470491126702435,-2.44479612348091,"Steady"
4065849,"Kylee Shook",11,5,242,116,0.454545454545455,0.479338842975207,-2.47933884297521,"Steady"
2529140,"Alyssa Thomas",384,198,5678,3071,0.515625,0.540859457555477,-2.52344575554773,"Steady"
289,"Chasity Melvin",87,43,1601,832,0.494252873563218,0.519675202998126,-2.54223294349078,"Steady"
91,"Sue Bird",422,192,5254,2529,0.454976303317536,0.481347544727826,-2.63712414102909,"Steady"
3058908,"Lindsay Allen",42,20,1031,519,0.476190476190476,0.503394762366634,-2.72042861761582,"Steady"
642,"Janel McCarville",186,98,2312,1282,0.526881720430108,0.554498269896194,-2.76165494660863,"Steady"
385,"Sheryl Swoopes",60,27,1135,543,0.45,0.4784140969163,-2.84140969162995,"Steady"
860,"Briann January",341,159,3818,1889,0.466275659824047,0.49476165531692,-2.84859954928729,"Steady"
551,"Ebony Hoffman",121,56,2015,992,0.462809917355372,0.492307692307692,-2.94977749523204,"Steady"
3056728,"Erica McCall",9,4,451,214,0.444444444444444,0.47450110864745,-3.00566642030057,"Steady"
4065850,"Jazmine Jones",24,11,436,213,0.458333333333333,0.488532110091743,-3.01987767584098,"Steady"
4874475,"Nikolina Milic",15,8,417,235,0.533333333333333,0.563549160671463,-3.02158273381296,"Steady"
610,"Laurie  Koehn",13,5,178,74,0.384615384615385,0.415730337078652,-3.11149524632671,"Steady"
1074,"Shenise Johnson",82,38,1963,971,0.463414634146341,0.494651044319918,-3.1236410173577,"Steady"
423,"Ann Wauters",51,27,1095,615,0.529411764705882,0.561643835616438,-3.2232070910556,"Steady"
2984741,"Tiffany Mitchell",95,46,2847,1472,0.484210526315789,0.517035475939586,-3.28249496237961,"Steady"
3906753,"Natisha Hiedeman",64,28,2036,959,0.4375,0.471021611001965,-3.35216110019647,"Steady"
4433807,"Aziaha James",15,6,324,141,0.4,0.435185185185185,-3.51851851851852,"Steady"
536,"Kelly Mazzante",22,8,833,333,0.363636363636364,0.399759903961585,-3.6123540325221,"Steady"
334,"Kristen Rasmussen",26,12,345,172,0.461538461538462,0.498550724637681,-3.70122630992196,"Steady"
710,"Katie Gearlds",10,4,398,174,0.4,0.437185929648241,-3.71859296482412,"Steady"
3007473,"Amanda Zahui B.",25,11,1387,662,0.44,0.477289113193944,-3.72891131939437,"Steady"
689,"Candice Dupree",437,230,7117,4017,0.526315789473684,0.56442321202754,-3.81074225538555,"Steady"
5208981,"Leila Lacan",16,8,244,132,0.5,0.540983606557377,-4.09836065573771,"Steady"
2284331,"Emma Cannon",22,11,734,398,0.5,0.542234332425068,-4.22343324250681,"Steady"
4398779,"Queen Egbo",15,7,487,248,0.466666666666667,0.509240246406571,-4.25735797399042,"Steady"
3058902,"Diamond DeShields",117,53,2417,1199,0.452991452991453,0.496069507654117,-4.30780546626637,"Steady"
10,"Nikki Teasley",51,22,684,325,0.431372549019608,0.475146198830409,-4.37736498108015,"Steady"
4066534,"Ruthy Hebard",9,5,405,243,0.555555555555556,0.6,-4.44444444444444,"Steady"
3058895,"Brionna Jones",128,72,2980,1809,0.5625,0.607046979865772,-4.45469798657718,"Steady"
609,"Sancho Lyttle",237,112,3718,1924,0.472573839662447,0.517482517482518,-4.49086778200702,"Steady"
4398674,"Rhyne Howard",176,74,2582,1202,0.420454545454545,0.465530596436871,-4.50760509823252,"Steady"
636,"Kristin Haynie",13,5,588,253,0.384615384615385,0.430272108843537,-4.56567242281528,"Steady"
3058888,"Kaela Davis",30,12,731,326,0.4,0.445964432284542,-4.59644322845417,"Steady"
928,"Kalana Greene",40,17,838,397,0.425,0.473747016706444,-4.87470167064439,"Steady"
3917453,"Katie Lou Samuelson",32,13,847,389,0.40625,0.45926800472255,-5.30180047225502,"Anti-clutch"
1001,"Angel Robinson",9,5,169,103,0.555555555555556,0.609467455621302,-5.39119000657462,"Anti-clutch"
299,"Tamara Moore",10,5,296,164,0.5,0.554054054054054,-5.40540540540541,"Anti-clutch"
742,"Sidney Spencer",45,18,674,308,0.4,0.456973293768546,-5.6973293768546,"Anti-clutch"
4398907,"Kate Martin",12,4,412,161,0.333333333333333,0.390776699029126,-5.74433656957929,"Anti-clutch"
148,"Stacey Dales",14,5,519,216,0.357142857142857,0.416184971098266,-5.90421139554088,"Anti-clutch"
7,"Mwadi Mabika",46,18,767,346,0.391304347826087,0.451108213820078,-5.98038659939912,"Anti-clutch"
576,"Agnieszka Bibrzycka",21,9,341,167,0.428571428571429,0.489736070381232,-6.11646418098031,"Anti-clutch"
4066585,"Crystal Dangerfield",73,30,1275,602,0.410958904109589,0.472156862745098,-6.1197958635509,"Anti-clutch"
673,"La'Tangela Atkinson",10,4,221,102,0.4,0.461538461538462,-6.15384615384615,"Anti-clutch"
4420318,"Ezi Magbegor",60,30,1997,1129,0.5,0.56534802203305,-6.53480220330496,"Anti-clutch"
3913881,"Alanna Smith",42,18,1536,759,0.428571428571429,0.494140625,-6.55691964285715,"Anti-clutch"
558,"Christi Thomas",16,7,563,284,0.4375,0.504440497335702,-6.69404973357016,"Anti-clutch"
2529567,"Robyn Parks",3,1,154,62,0.333333333333333,0.402597402597403,-6.92640692640693,"Anti-clutch"
108,"Kiesha Brown",30,12,652,306,0.4,0.469325153374233,-6.93251533742331,"Anti-clutch"
308,"Astou Ndiaye-Diatta",8,3,45,20,0.375,0.444444444444444,-6.94444444444444,"Anti-clutch"
3058900,"Stephanie Mavunga",2,1,158,90,0.5,0.569620253164557,-6.9620253164557,"Anti-clutch"
3907789,"Te'a Cooper",12,5,479,233,0.416666666666667,0.48643006263048,-6.97633959638135,"Anti-clutch"
2490528,"Tierra Ruffin-Pratt",109,44,1960,929,0.403669724770642,0.473979591836735,-7.03098670660925,"Anti-clutch"
4433730,"Paige Bueckers",54,27,648,370,0.5,0.570987654320988,-7.09876543209876,"Anti-clutch"
4433468,"Nika Muhl",0,0,14,1,0,0.0714285714285714,-7.14285714285714,"Anti-clutch"
4596309,"Liatu King",2,1,40,23,0.5,0.575,-7.5,"Anti-clutch"
1048,"Aneika Henry-Morello",25,12,709,395,0.48,0.557122708039492,-7.71227080394923,"Anti-clutch"
5017726,"Jade Melbourne",22,9,584,285,0.409090909090909,0.488013698630137,-7.89227895392279,"Anti-clutch"
660,"Mistie McCray Bass",61,28,1450,782,0.459016393442623,0.539310344827586,-8.02939513849633,"Anti-clutch"
1017,"Liz Cambage",147,78,2751,1687,0.530612244897959,0.61323155216285,-8.26193072648906,"Anti-clutch"
5208982,"Carla Leite",9,4,320,169,0.444444444444444,0.528125,-8.36805555555555,"Anti-clutch"
2984245,"Alexis Jones",3,1,320,134,0.333333333333333,0.41875,-8.54166666666667,"Anti-clutch"
3142328,"Gabby Williams",83,33,1798,879,0.397590361445783,0.488876529477197,-9.12861680314138,"Anti-clutch"
442,"Brooke Wyckoff",10,3,315,124,0.3,0.393650793650794,-9.36507936507937,"Anti-clutch"
1013,"Jantel Lavender",98,44,2912,1581,0.448979591836735,0.542925824175824,-9.39462323390894,"Anti-clutch"
4432834,"Laeticia Amihere",5,2,310,155,0.4,0.5,-10,"Anti-clutch"
4595150,"Camryn Taylor",0,0,10,1,0,0.1,-10,"Anti-clutch"
864,"Quanitra Hollingsworth",9,4,552,302,0.444444444444444,0.547101449275362,-10.2657004830918,"Anti-clutch"
599,"Wendy Palmer",7,3,249,133,0.428571428571429,0.534136546184739,-10.556511761331,"Anti-clutch"
2529196,"Shoni Schimmel",49,16,595,258,0.326530612244898,0.433613445378151,-10.7082833133253,"Anti-clutch"
3916514,"Kalani Brown",23,12,801,505,0.521739130434783,0.630461922596754,-10.8722792161971,"Anti-clutch"
541,"Jennifer Derevjanik",5,2,151,77,0.4,0.509933774834437,-10.9933774834437,"Anti-clutch"
6,"Lisa Leslie",111,48,1904,1033,0.432432432432432,0.542542016806723,-11.010958437429,"Anti-clutch"
871,"Shalee Lehning",19,7,307,147,0.368421052631579,0.478827361563518,-11.0406308931939,"Anti-clutch"
3142086,"Brianna Turner",44,21,928,548,0.477272727272727,0.59051724137931,-11.3244514106583,"Anti-clutch"
850,"Chante  Black",13,5,424,212,0.384615384615385,0.5,-11.5384615384615,"Anti-clutch"
4432830,"Jordan Horston",14,5,592,283,0.357142857142857,0.478040540540541,-12.0897683397683,"Anti-clutch"
832,"Olayinka Sanni",7,3,282,155,0.428571428571429,0.549645390070922,-12.1073961499493,"Anti-clutch"
19,"Crystal Robinson",9,3,220,100,0.333333333333333,0.454545454545455,-12.1212121212121,"Anti-clutch"
230,"Shannon Johnson",77,29,1024,510,0.376623376623377,0.498046875,-12.1423498376623,"Anti-clutch"
3143510,"Morgan Bertsch",3,1,158,72,0.333333333333333,0.455696202531646,-12.2362869198312,"Anti-clutch"
3888042,"Ana Dabovic",15,6,335,175,0.4,0.522388059701492,-12.2388059701492,"Anti-clutch"
2203512,"Carla Cortijo",3,1,171,78,0.333333333333333,0.456140350877193,-12.280701754386,"Anti-clutch"
1064,"Farhiya Abdi",10,3,177,75,0.3,0.423728813559322,-12.3728813559322,"Anti-clutch"
17,"Bernadette Ngoyisa",14,6,413,229,0.428571428571429,0.554479418886199,-12.590799031477,"Anti-clutch"
3054590,"Nia Coffey",45,14,1451,635,0.311111111111111,0.43762922122674,-12.6518110115629,"Anti-clutch"
2998929,"Morgan Tuck",30,10,711,327,0.333333333333333,0.459915611814346,-12.6582278481013,"Anti-clutch"
411,"Kamila Vodichkova",13,5,303,156,0.384615384615385,0.514851485148515,-13.023610053313,"Anti-clutch"
4398938,"Dorka Juhasz",19,7,424,212,0.368421052631579,0.5,-13.1578947368421,"Anti-clutch"
2999142,"Jennie Simms",3,1,157,73,0.333333333333333,0.464968152866242,-13.1634819532909,"Anti-clutch"
3151645,"Marie Gulich",3,1,193,90,0.333333333333333,0.466321243523316,-13.2987910189983,"Anti-clutch"
2567703,"Whitney Knight",0,0,15,2,0,0.133333333333333,-13.3333333333333,"Anti-clutch"
264,"Stacey Lovelace",12,4,390,183,0.333333333333333,0.469230769230769,-13.5897435897436,"Anti-clutch"
4597509,"Aaliyah Nye",8,2,183,71,0.25,0.387978142076503,-13.7978142076503,"Anti-clutch"
1051,"Lynetta Kizer",30,12,1163,626,0.4,0.538263112639725,-13.8263112639725,"Anti-clutch"
5209660,"Sevgi Uzun",8,2,326,128,0.25,0.392638036809816,-14.2638036809816,"Anti-clutch"
2590096,"Brittany Hrynko",0,0,7,1,0,0.142857142857143,-14.2857142857143,"Anti-clutch"
4280850,"Maya Caldwell",22,7,509,235,0.318181818181818,0.461689587426326,-14.3507769244508,"Anti-clutch"
35,"Janell Burse",22,9,890,492,0.409090909090909,0.552808988764045,-14.3718079673136,"Anti-clutch"
4432832,"Zia Cooke",8,2,518,205,0.25,0.395752895752896,-14.5752895752896,"Anti-clutch"
4257500,"Cecilia Zandalasini",23,8,593,293,0.347826086956522,0.494097807757167,-14.6271720800645,"Anti-clutch"
951,"Natasha Lacy",22,7,417,194,0.318181818181818,0.465227817745803,-14.7045999563985,"Anti-clutch"
2530679,"Jennifer Hamson",3,1,81,39,0.333333333333333,0.481481481481481,-14.8148148148148,"Anti-clutch"
3904553,"AD Durr",12,4,559,271,0.333333333333333,0.48479427549195,-15.1460942158617,"Anti-clutch"
2327695,"Rebekah Gardner",21,9,474,277,0.428571428571429,0.584388185654008,-15.581675708258,"Anti-clutch"
3058893,"Shatori Walker-Kimbrough",30,11,1632,860,0.366666666666667,0.526960784313726,-16.0294117647059,"Anti-clutch"
778,"Ketia  Swanier",8,2,513,212,0.25,0.413255360623782,-16.3255360623782,"Anti-clutch"
853,"Tanae Davis-Cain",0,0,6,1,0,0.166666666666667,-16.6666666666667,"Anti-clutch"
2529603,"Jamierra Faulkner",37,11,997,463,0.297297297297297,0.464393179538616,-16.7095882241319,"Anti-clutch"
687,"Crystal Smith",13,4,369,177,0.307692307692308,0.479674796747967,-17.198248905566,"Anti-clutch"
556,"Raffaella Masciadri",8,2,179,76,0.25,0.424581005586592,-17.4581005586592,"Anti-clutch"
4068110,"Chelsea Dungee",0,0,17,3,0,0.176470588235294,-17.6470588235294,"Anti-clutch"
554,"Doneeka  Lewis",10,2,253,96,0.2,0.379446640316206,-17.9446640316206,"Anti-clutch"
4434015,"JJ Quinerly",3,1,230,118,0.333333333333333,0.51304347826087,-17.9710144927536,"Anti-clutch"
638,"Cisti Greenwalt",0,0,11,2,0,0.181818181818182,-18.1818181818182,"Anti-clutch"
4399342,"Lexi Held",4,1,184,80,0.25,0.434782608695652,-18.4782608695652,"Anti-clutch"
952,"Abby Bishop",9,2,208,85,0.222222222222222,0.408653846153846,-18.6431623931624,"Anti-clutch"
2529078,"Jordan Hooper",19,4,602,239,0.210526315789474,0.397009966777409,-18.6483650987935,"Anti-clutch"
670,"Sherill Baker",20,6,636,311,0.3,0.488993710691824,-18.8993710691824,"Anti-clutch"
900,"Andrea  Riley",16,4,419,184,0.25,0.439140811455847,-18.9140811455847,"Anti-clutch"
601,"Katie Feenstra",16,6,769,438,0.375,0.569570871261378,-19.4570871261378,"Anti-clutch"
2568417,"Jazmon Gwathmey",9,2,351,147,0.222222222222222,0.418803418803419,-19.6581196581197,"Anti-clutch"
577,"Mandisa Stevenson",0,0,5,1,0,0.2,-20,"Anti-clutch"
697,"Sabrina Palie",0,0,25,5,0,0.2,-20,"Anti-clutch"
883,"Gabriela Marginean",0,0,5,1,0,0.2,-20,"Anti-clutch"
1045,"Felicia Chester",0,0,5,1,0,0.2,-20,"Anti-clutch"
3007779,"Shae Kelley",0,0,5,1,0,0.2,-20,"Anti-clutch"
3142057,"Arica Carter",0,0,5,1,0,0.2,-20,"Anti-clutch"
3142082,"Chloe Jackson",0,0,15,3,0,0.2,-20,"Anti-clutch"
4898400,"Taylor Thierry",0,0,15,3,0,0.2,-20,"Anti-clutch"
829,"Tasha Humphrey",24,7,416,205,0.291666666666667,0.492788461538462,-20.1121794871795,"Anti-clutch"
3922628,"Kennedy Burke",15,4,933,453,0.266666666666667,0.485530546623794,-21.8863879957128,"Anti-clutch"
659,"Tiffany Stansbury",4,1,161,76,0.25,0.472049689440994,-22.2049689440994,"Anti-clutch"
1112,"Briana Butler",5,1,289,122,0.2,0.422145328719723,-22.2145328719723,"Anti-clutch"
908,"Alison Lacey",0,0,40,9,0,0.225,-22.5,"Anti-clutch"
4068042,"Natasha Mack",3,1,346,197,0.333333333333333,0.569364161849711,-23.6030828516378,"Anti-clutch"
875,"Megan  Frazee",8,2,207,102,0.25,0.492753623188406,-24.2753623188406,"Anti-clutch"
2325265,"Angel Goodrich",10,2,267,120,0.2,0.449438202247191,-24.9438202247191,"Anti-clutch"
1075,"Dawn  Evans",0,0,4,1,0,0.25,-25,"Anti-clutch"
1078,"Katelan  Redmon",0,0,16,4,0,0.25,-25,"Anti-clutch"
2324993,"Chelsea Hopkins",0,0,28,7,0,0.25,-25,"Anti-clutch"
2984730,"Jillian Alleyne",0,0,8,2,0,0.25,-25,"Anti-clutch"
3007761,"Nirra Fields",1,0,8,2,0,0.25,-25,"Anti-clutch"
4011216,"Frida Eldebrink",2,0,8,2,0,0.25,-25,"Anti-clutch"
4281914,"Sam Thomas",0,0,24,6,0,0.25,-25,"Anti-clutch"
4433510,"Megan McConnell",0,0,4,1,0,0.25,-25,"Anti-clutch"
2235933,"Yvonne Turner",9,2,772,365,0.222222222222222,0.47279792746114,-25.0575705238918,"Anti-clutch"
4065832,"Jasmine Walker",0,0,86,22,0,0.255813953488372,-25.5813953488372,"Anti-clutch"
738,"Tamika Raymond",4,1,142,72,0.25,0.507042253521127,-25.7042253521127,"Anti-clutch"
740,"Ashley Shields",6,1,246,105,0.166666666666667,0.426829268292683,-26.0162601626016,"Anti-clutch"
1021,"Darxia Morris",0,0,19,5,0,0.263157894736842,-26.3157894736842,"Anti-clutch"
758,"Claire Coggins",4,0,75,20,0,0.266666666666667,-26.6666666666667,"Anti-clutch"
4065692,"Aaliyah Wilson",0,0,30,8,0,0.266666666666667,-26.6666666666667,"Anti-clutch"
4068092,"Kathleen Doyle",0,0,45,12,0,0.266666666666667,-26.6666666666667,"Anti-clutch"
3934218,"Megan Gustafson",7,2,743,411,0.285714285714286,0.553162853297443,-26.7448567583157,"Anti-clutch"
671,"Brooke Queenan",0,0,11,3,0,0.272727272727273,-27.2727272727273,"Anti-clutch"
203,"Kristi Harrower",7,1,127,54,0.142857142857143,0.425196850393701,-28.2339707536558,"Anti-clutch"
911,"Chanel Mokango",0,0,21,6,0,0.285714285714286,-28.5714285714286,"Anti-clutch"
2566091,"Brene Moseley",0,0,28,8,0,0.285714285714286,-28.5714285714286,"Anti-clutch"
4038419,"Maimouna Diarra",0,0,7,2,0,0.285714285714286,-28.5714285714286,"Anti-clutch"
1081,"Dymond  Simon",0,0,45,13,0,0.288888888888889,-28.8888888888889,"Anti-clutch"
694,"Shona Thorburn",0,0,38,11,0,0.289473684210526,-28.9473684210526,"Anti-clutch"
3055808,"Sydney Wiese",14,2,485,211,0.142857142857143,0.435051546391753,-29.219440353461,"Anti-clutch"
1010,"Ify Ibekwe",0,0,17,5,0,0.294117647058824,-29.4117647058824,"Anti-clutch"
3055794,"Hind Ben Abdelkader",0,0,51,15,0,0.294117647058824,-29.4117647058824,"Anti-clutch"
4398899,"Grace Berger",12,2,283,131,0.166666666666667,0.462897526501767,-29.62308598351,"Anti-clutch"
3056640,"Makayla Epps",0,0,27,8,0,0.296296296296296,-29.6296296296296,"Anti-clutch"
4281223,"Aisha Sheppard",0,0,54,16,0,0.296296296296296,-29.6296296296296,"Anti-clutch"
567,"Katie Cronin",0,0,37,11,0,0.297297297297297,-29.7297297297297,"Anti-clutch"
4065820,"Kysre Gondrezick",0,0,57,17,0,0.298245614035088,-29.8245614035088,"Anti-clutch"
470,"Coretta Brown",0,0,67,20,0,0.298507462686567,-29.8507462686567,"Anti-clutch"
328,"Elaine Powell",9,2,282,147,0.222222222222222,0.521276595744681,-29.9054373522459,"Anti-clutch"
755,"Lindsay Bowen",0,0,10,3,0,0.3,-30,"Anti-clutch"
4282471,"Chelsey Perry",0,0,20,6,0,0.3,-30,"Anti-clutch"
4790266,"Awak Kuier",6,1,302,141,0.166666666666667,0.466887417218543,-30.0220750551876,"Anti-clutch"
644,"Jacqueline Batteast",0,0,63,19,0,0.301587301587302,-30.1587301587302,"Anti-clutch"
2490622,"Lindsey Moore",0,0,62,19,0,0.306451612903226,-30.6451612903226,"Anti-clutch"
2529692,"Heather Butler",0,0,13,4,0,0.307692307692308,-30.7692307692308,"Anti-clutch"
4038365,"Shao Ting",0,0,13,4,0,0.307692307692308,-30.7692307692308,"Anti-clutch"
789,"A'Quonesia Franklin",0,0,94,29,0,0.308510638297872,-30.8510638297872,"Anti-clutch"
358,"Kelly Schumacher",11,2,432,212,0.181818181818182,0.490740740740741,-30.8922558922559,"Anti-clutch"
807,"Krystal Vaughn",0,0,29,9,0,0.310344827586207,-31.0344827586207,"Anti-clutch"
4068885,"Amy Atwell",0,0,29,9,0,0.310344827586207,-31.0344827586207,"Anti-clutch"
219,"Dalma Ivanyi",1,0,61,19,0,0.311475409836066,-31.1475409836066,"Anti-clutch"
840,"Ashley Walker",0,0,70,22,0,0.314285714285714,-31.4285714285714,"Anti-clutch"
4399114,"Lou Lopez Senechal",0,0,38,12,0,0.315789473684211,-31.5789473684211,"Anti-clutch"
4398567,"Taylor Soule",0,0,22,7,0,0.318181818181818,-31.8181818181818,"Anti-clutch"
813,"Sharnee Zoll-Norman",0,0,47,15,0,0.319148936170213,-31.9148936170213,"Anti-clutch"
323,"Bridget Pettis",0,0,25,8,0,0.32,-32,"Anti-clutch"
4433309,"Elizabeth Kitley",0,0,25,8,0,0.32,-32,"Anti-clutch"
861,"Christina Wirth",0,0,37,12,0,0.324324324324324,-32.4324324324324,"Anti-clutch"
691,"Emmeline Ndongue",0,0,40,13,0,0.325,-32.5,"Anti-clutch"
NA,NA,1,0,104,34,0,0.326923076923077,-32.6923076923077,"Anti-clutch"
2590092,"Kaleena Mosqueda-Lewis",9,1,850,376,0.111111111111111,0.442352941176471,-33.124183006536,"Anti-clutch"
2327542,"Courtney Clements",0,0,226,75,0,0.331858407079646,-33.1858407079646,"Anti-clutch"
106,"Edwina Brown",0,0,3,1,0,0.333333333333333,-33.3333333333333,"Anti-clutch"
293,"Tausha Mills",0,0,21,7,0,0.333333333333333,-33.3333333333333,"Anti-clutch"
717,"Dee Davis",0,0,6,2,0,0.333333333333333,-33.3333333333333,"Anti-clutch"
759,"Amy Sanders",0,0,6,2,0,0.333333333333333,-33.3333333333333,"Anti-clutch"
1072,"Cierra Bravard",0,0,3,1,0,0.333333333333333,-33.3333333333333,"Anti-clutch"
2491329,"Jasmine Hassell",0,0,72,24,0,0.333333333333333,-33.3333333333333,"Anti-clutch"
2999038,"Ruth Hamblin",0,0,39,13,0,0.333333333333333,-33.3333333333333,"Anti-clutch"
3054105,"Breanna Lewis",0,0,27,9,0,0.333333333333333,-33.3333333333333,"Anti-clutch"
4008655,"Zoi Dimitrakou",0,0,3,1,0,0.333333333333333,-33.3333333333333,"Anti-clutch"
4398883,"Madi Williams",0,0,15,5,0,0.333333333333333,-33.3333333333333,"Anti-clutch"
4433795,"Sania Feagin",0,0,30,10,0,0.333333333333333,-33.3333333333333,"Anti-clutch"
2491350,"Kamiko Williams",0,0,128,43,0,0.3359375,-33.59375,"Anti-clutch"
776,"Jolene Anderson",1,0,135,46,0,0.340740740740741,-34.0740740740741,"Anti-clutch"
2970318,"Endy Miyem",0,0,38,13,0,0.342105263157895,-34.2105263157895,"Anti-clutch"
782,"Morenike Atunrase",0,0,113,39,0,0.345132743362832,-34.5132743362832,"Anti-clutch"
3919496,"Valeriane Ayayi",3,0,52,18,0,0.346153846153846,-34.6153846153846,"Anti-clutch"
4281919,"Kianna Smith",0,0,37,13,0,0.351351351351351,-35.1351351351351,"Anti-clutch"
4038394,"Rui Machida",0,0,96,34,0,0.354166666666667,-35.4166666666667,"Anti-clutch"
719,"Shay Doron",0,0,14,5,0,0.357142857142857,-35.7142857142857,"Anti-clutch"
979,"Angie Bjorklund",0,0,14,5,0,0.357142857142857,-35.7142857142857,"Anti-clutch"
725,"Kamesha Hairston",0,0,53,19,0,0.358490566037736,-35.8490566037736,"Anti-clutch"
5279789,"Mamignan Toure",0,0,39,14,0,0.358974358974359,-35.8974358974359,"Anti-clutch"
2238341,"Jacki Gemelos",1,0,83,30,0,0.36144578313253,-36.144578313253,"Anti-clutch"
662,"Kim Smith",0,0,152,55,0,0.361842105263158,-36.1842105263158,"Anti-clutch"
1019,"Miranda Ayim",0,0,11,4,0,0.363636363636364,-36.3636363636364,"Anti-clutch"
364,"Charlotte Smith",2,0,41,15,0,0.365853658536585,-36.5853658536585,"Anti-clutch"
574,"Nuria Martinez",2,0,49,18,0,0.36734693877551,-36.734693877551,"Anti-clutch"
705,"Stephanie Raymond",1,0,73,27,0,0.36986301369863,-36.986301369863,"Anti-clutch"
214,"Kedra Holland-Corn",2,0,164,61,0,0.371951219512195,-37.1951219512195,"Anti-clutch"
669,"Emile Gomis",0,0,8,3,0,0.375,-37.5,"Anti-clutch"
765,"Quianna Chaney",2,0,85,32,0,0.376470588235294,-37.6470588235294,"Anti-clutch"
2528839,"Maggie Lucas",11,1,363,170,0.0909090909090909,0.46831955922865,-37.7410468319559,"Anti-clutch"
4433633,"Kierstan Bell",1,0,443,168,0,0.379232505643341,-37.9232505643341,"Anti-clutch"
2490792,"Gennifer Brandon",0,0,50,19,0,0.38,-38,"Anti-clutch"
3058915,"Alexis Peterson",0,0,50,19,0,0.38,-38,"Anti-clutch"
4398802,"Ashley Joens",0,0,42,16,0,0.380952380952381,-38.0952380952381,"Anti-clutch"
909,"Brittainey Raven",3,0,55,21,0,0.381818181818182,-38.1818181818182,"Anti-clutch"
657,"Liz Shimek",0,0,91,35,0,0.384615384615385,-38.4615384615385,"Anti-clutch"
2490577,"Chelsea Poppens",0,0,13,5,0,0.384615384615385,-38.4615384615385,"Anti-clutch"
3944151,"Stephanie Watts",1,0,26,10,0,0.384615384615385,-38.4615384615385,"Anti-clutch"
4280888,"Rennia Davis",0,0,13,5,0,0.384615384615385,-38.4615384615385,"Anti-clutch"
4432864,"Celeste Taylor",0,0,83,33,0,0.397590361445783,-39.7590361445783,"Anti-clutch"
1077,"Chay  Shegog",0,0,5,2,0,0.4,-40,"Anti-clutch"
2490561,"Chucky Jeffery",0,0,25,10,0,0.4,-40,"Anti-clutch"
3906306,"Anriel Howard",0,0,5,2,0,0.4,-40,"Anti-clutch"
3938935,"Jaylyn Agnew",0,0,20,8,0,0.4,-40,"Anti-clutch"
4065781,"Destiny Slocum",0,0,45,18,0,0.4,-40,"Anti-clutch"
4873359,"Kyara Linskens",0,0,5,2,0,0.4,-40,"Anti-clutch"
4898383,"Bree Hall",0,0,15,6,0,0.4,-40,"Anti-clutch"
2569244,"Alex Harden",3,0,142,57,0,0.401408450704225,-40.1408450704225,"Anti-clutch"
760,"Navonda Moore",1,0,107,43,0,0.401869158878505,-40.1869158878505,"Anti-clutch"
260,"Tynesha  Lewis",1,0,64,26,0,0.40625,-40.625,"Anti-clutch"
698,"Liz Moeggenberg",0,0,44,18,0,0.409090909090909,-40.9090909090909,"Anti-clutch"
3922629,"Evelyn Akhator",0,0,22,9,0,0.409090909090909,-40.9090909090909,"Anti-clutch"
4703794,"Sarah Ashlee Barker",1,0,127,52,0,0.409448818897638,-40.9448818897638,"Anti-clutch"
1052,"Vicki Baugh",6,1,328,189,0.166666666666667,0.576219512195122,-40.9552845528455,"Anti-clutch"
1067,"April Sykes",2,0,100,41,0,0.41,-41,"Anti-clutch"
2998939,"Rachel Hollivay",0,0,78,32,0,0.41025641025641,-41.025641025641,"Anti-clutch"
223,"Tamicha Jackson",0,0,34,14,0,0.411764705882353,-41.1764705882353,"Anti-clutch"
686,"Ann Strother",1,0,99,41,0,0.414141414141414,-41.4141414141414,"Anti-clutch"
131,"Kayte Christensen",0,0,84,35,0,0.416666666666667,-41.6666666666667,"Anti-clutch"
625,"Angelina Williams",0,0,72,30,0,0.416666666666667,-41.6666666666667,"Anti-clutch"
4398947,"Kayana Traylor",0,0,12,5,0,0.416666666666667,-41.6666666666667,"Anti-clutch"
4281183,"Lorela Cubaj",0,0,55,23,0,0.418181818181818,-41.8181818181818,"Anti-clutch"
4068161,"Joyner Holmes",2,0,404,169,0,0.418316831683168,-41.8316831683168,"Anti-clutch"
2529089,"Tiffany Bias",0,0,136,57,0,0.419117647058824,-41.9117647058824,"Anti-clutch"
827,"Lauren Ervin",0,0,19,8,0,0.421052631578947,-42.1052631578947,"Anti-clutch"
4398921,"Nia Clouden",0,0,95,40,0,0.421052631578947,-42.1052631578947,"Anti-clutch"
4433792,"Rayah Marshall",0,0,38,16,0,0.421052631578947,-42.1052631578947,"Anti-clutch"
1015,"Porsha Phillips",1,0,78,33,0,0.423076923076923,-42.3076923076923,"Anti-clutch"
4398731,"Kadi Sissoko",0,0,78,33,0,0.423076923076923,-42.3076923076923,"Anti-clutch"
4066527,"Jaelyn Brown",0,0,73,31,0,0.424657534246575,-42.4657534246575,"Anti-clutch"
666,"Brittany Wilkins",0,0,7,3,0,0.428571428571429,-42.8571428571429,"Anti-clutch"
2491811,"Victoria Macaulay",0,0,14,6,0,0.428571428571429,-42.8571428571429,"Anti-clutch"
2984111,"Alexis Prince",1,0,56,24,0,0.428571428571429,-42.8571428571429,"Anti-clutch"
2987887,"Alisia Jenkins",0,0,14,6,0,0.428571428571429,-42.8571428571429,"Anti-clutch"
2999141,"Lanay Montgomery",0,0,7,3,0,0.428571428571429,-42.8571428571429,"Anti-clutch"
4065785,"Stephanie Jones",0,0,42,18,0,0.428571428571429,-42.8571428571429,"Anti-clutch"
4433412,"Hailey Van Lith",0,0,140,60,0,0.428571428571429,-42.8571428571429,"Anti-clutch"
784,"Erica White",7,1,164,94,0.142857142857143,0.573170731707317,-43.0313588850174,"Anti-clutch"
4433386,"Jaylyn Sherrod",0,0,65,28,0,0.430769230769231,-43.0769230769231,"Anti-clutch"
4068346,"Kamiah Smalls",0,0,30,13,0,0.433333333333333,-43.3333333333333,"Anti-clutch"
359,"Olympia Scott",0,0,108,47,0,0.435185185185185,-43.5185185185185,"Anti-clutch"
793,"Khadijah Whittington",1,0,78,34,0,0.435897435897436,-43.5897435897436,"Anti-clutch"
29,"Andrea Gardner",2,0,80,35,0,0.4375,-43.75,"Anti-clutch"
788,"Charel Allen",0,0,16,7,0,0.4375,-43.75,"Anti-clutch"
4281253,"DiDi Richards",0,0,194,85,0,0.438144329896907,-43.8144329896907,"Anti-clutch"
652,"Tye'sha Fluker",1,0,251,110,0,0.438247011952191,-43.8247011952191,"Anti-clutch"
3907713,"Maite Cazorla",3,0,114,50,0,0.43859649122807,-43.859649122807,"Anti-clutch"
4899328,"Kaitlyn Chen",1,0,57,25,0,0.43859649122807,-43.859649122807,"Anti-clutch"
3916517,"Beatrice Mompremier",0,0,214,95,0,0.44392523364486,-44.392523364486,"Anti-clutch"
282,"Nikki McCray-Penson",0,0,27,12,0,0.444444444444444,-44.4444444444444,"Anti-clutch"
930,"Ashley Houts",0,0,18,8,0,0.444444444444444,-44.4444444444444,"Anti-clutch"
953,"Amanda Thompson",0,0,72,32,0,0.444444444444444,-44.4444444444444,"Anti-clutch"
3102134,"Tess Madgen",1,0,9,4,0,0.444444444444444,-44.4444444444444,"Anti-clutch"
4038390,"Olivia Epoupa",0,0,18,8,0,0.444444444444444,-44.4444444444444,"Anti-clutch"
929,"Jacinta Monroe",0,0,47,21,0,0.446808510638298,-44.6808510638298,"Anti-clutch"
4682797,"Luisa Geiselsoder",1,0,189,85,0,0.44973544973545,-44.973544973545,"Anti-clutch"
2327208,"Kim Mestdagh",0,0,20,9,0,0.45,-45,"Anti-clutch"
2530081,"Shanece McKinney",0,0,62,28,0,0.451612903225806,-45.1612903225806,"Anti-clutch"
2531437,"Ezinne Kalu",0,0,11,5,0,0.454545454545455,-45.4545454545455,"Anti-clutch"
4398965,"Christyn Williams",0,0,22,10,0,0.454545454545455,-45.4545454545455,"Anti-clutch"
4433815,"Lucy Olsen",1,0,175,80,0,0.457142857142857,-45.7142857142857,"Anti-clutch"
4280877,"Chloe Bibby",1,0,63,29,0,0.46031746031746,-46.031746031746,"Anti-clutch"
821,"Willnett Crockett",0,0,13,6,0,0.461538461538462,-46.1538461538462,"Anti-clutch"
1005,"Victoria  Dunlap",1,0,93,43,0,0.462365591397849,-46.2365591397849,"Anti-clutch"
2490774,"Nikki Greene",0,0,28,13,0,0.464285714285714,-46.4285714285714,"Anti-clutch"
36,"Shaunzinski Gortman",1,0,71,33,0,0.464788732394366,-46.4788732394366,"Anti-clutch"
639,"Laura Summerton",0,0,101,47,0,0.465346534653465,-46.5346534653465,"Anti-clutch"
693,"Megan Duffy",0,0,156,73,0,0.467948717948718,-46.7948717948718,"Anti-clutch"
1076,"Kelley Cain",2,0,47,22,0,0.468085106382979,-46.8085106382979,"Anti-clutch"
2069162,"Michelle Campbell",0,0,81,38,0,0.469135802469136,-46.9135802469136,"Anti-clutch"
2991969,"Bashaara Graves",0,0,36,17,0,0.472222222222222,-47.2222222222222,"Anti-clutch"
3142019,"Adut Bulgak",0,0,42,20,0,0.476190476190476,-47.6190476190476,"Anti-clutch"
935,"Ewelina Kobryn",0,0,286,137,0,0.479020979020979,-47.9020979020979,"Anti-clutch"
18,"Tari Phillips",1,0,96,46,0,0.479166666666667,-47.9166666666667,"Anti-clutch"
4433661,"Marquesha Davis",0,0,48,23,0,0.479166666666667,-47.9166666666667,"Anti-clutch"
2325312,"Keisha Hampton",0,0,148,71,0,0.47972972972973,-47.972972972973,"Anti-clutch"
494,"K.B. Sharp",5,0,366,176,0,0.480874316939891,-48.0874316939891,"Anti-clutch"
221,"Deanna Jackson",0,0,158,76,0,0.481012658227848,-48.1012658227848,"Anti-clutch"
352,"Kelly Santos",0,0,64,31,0,0.484375,-48.4375,"Anti-clutch"
543,"Anastasia Kostaki",0,0,90,44,0,0.488888888888889,-48.8888888888889,"Anti-clutch"
1030,"Rachel Jarry",0,0,53,26,0,0.490566037735849,-49.0566037735849,"Anti-clutch"
2968409,"Nadia Colhado",0,0,53,26,0,0.490566037735849,-49.0566037735849,"Anti-clutch"
1073,"Ziomara Morrison",0,0,63,31,0,0.492063492063492,-49.2063492063492,"Anti-clutch"
4066563,"Lauren Cox",1,0,142,70,0,0.492957746478873,-49.2957746478873,"Anti-clutch"
2490653,"Toni Young",1,0,154,76,0,0.493506493506494,-49.3506493506493,"Anti-clutch"
950,"Marion Jones",0,0,147,73,0,0.496598639455782,-49.6598639455782,"Anti-clutch"
701,"Leah Rush",0,0,6,3,0,0.5,-50,"Anti-clutch"
702,"Chrissy Givens",0,0,4,2,0,0.5,-50,"Anti-clutch"
848,"Kristi Cirone",0,0,8,4,0,0.5,-50,"Anti-clutch"
2325290,"Adaora Elonu",0,0,2,1,0,0.5,-50,"Anti-clutch"
2491327,"Anne Marie Armstrong",0,0,4,2,0,0.5,-50,"Anti-clutch"
2986155,"Ameryst Alston",0,0,2,1,0,0.5,-50,"Anti-clutch"
3056654,"Raigyne Louis",0,0,8,4,0,0.5,-50,"Anti-clutch"
4011778,"Jelena Dubljevic",0,0,26,13,0,0.5,-50,"Anti-clutch"
4281402,"Abby Meyers",0,0,16,8,0,0.5,-50,"Anti-clutch"
4398625,"Elissa Cunane",0,0,2,1,0,0.5,-50,"Anti-clutch"
4433293,"Charisma Osborne",0,0,2,1,0,0.5,-50,"Anti-clutch"
4790261,"Shyla Heal",0,0,14,7,0,0.5,-50,"Anti-clutch"
5220167,"Murjanatu Musa",0,0,46,23,0,0.5,-50,"Anti-clutch"
857,"Chen Nan",0,0,99,50,0,0.505050505050505,-50.5050505050505,"Anti-clutch"
5105752,"Alissa Pili",0,0,99,51,0,0.515151515151515,-51.5151515151515,"Anti-clutch"
2530078,"Jennifer O'Neill",0,0,31,16,0,0.516129032258065,-51.6129032258064,"Anti-clutch"
1007,"Ta'Shia Phillips",0,0,27,14,0,0.518518518518518,-51.8518518518518,"Anti-clutch"
744,"Carla Thomas",0,0,50,26,0,0.52,-52,"Anti-clutch"
4398988,"Charli Collier",0,0,150,78,0,0.52,-52,"Anti-clutch"
414,"Ayana Walker",0,0,67,35,0,0.522388059701492,-52.2388059701493,"Anti-clutch"
2491203,"Asia Taylor",1,0,222,116,0,0.522522522522523,-52.2522522522522,"Anti-clutch"
937,"Joy Cheek",0,0,21,11,0,0.523809523809524,-52.3809523809524,"Anti-clutch"
734,"Bernice Mosby",5,0,209,110,0,0.526315789473684,-52.6315789473684,"Anti-clutch"
2325299,"Yvonne Anderson",0,0,36,19,0,0.527777777777778,-52.7777777777778,"Anti-clutch"
723,"Gillian Goring",0,0,66,35,0,0.53030303030303,-53.030303030303,"Anti-clutch"
868,"Jessica  Adair",2,0,284,151,0,0.53169014084507,-53.169014084507,"Anti-clutch"
5278237,"Anastasiia Olairi Kosu",0,0,47,25,0,0.531914893617021,-53.1914893617021,"Anti-clutch"
2530107,"Jasmine Lister",0,0,15,8,0,0.533333333333333,-53.3333333333333,"Anti-clutch"
2590356,"Cyesha Damian Goree",0,0,39,21,0,0.538461538461538,-53.8461538461538,"Anti-clutch"
4280859,"Khayla Pointer",0,0,26,14,0,0.538461538461538,-53.8461538461538,"Anti-clutch"
1,"Latasha Byears",0,0,291,159,0,0.54639175257732,-54.639175257732,"Anti-clutch"
546,"Jae Kingi-Cross",0,0,27,15,0,0.555555555555556,-55.5555555555556,"Anti-clutch"
2999042,"Jamie Weisner",0,0,9,5,0,0.555555555555556,-55.5555555555556,"Anti-clutch"
762,"Kimberly Beck",0,0,16,9,0,0.5625,-56.25,"Anti-clutch"
296,"Adriana Moises Pinto",0,0,7,4,0,0.571428571428571,-57.1428571428571,"Anti-clutch"
1099,"Julie Nicole Wojta",0,0,7,4,0,0.571428571428571,-57.1428571428571,"Anti-clutch"
2994299,"Erika  Desouza",0,0,28,16,0,0.571428571428571,-57.1428571428571,"Anti-clutch"
5017721,"Sika Kone",1,0,231,133,0,0.575757575757576,-57.5757575757576,"Anti-clutch"
799,"Danielle Page",0,0,5,3,0,0.6,-60,"Anti-clutch"
4433416,"Madison Scott",0,0,15,9,0,0.6,-60,"Anti-clutch"
3054107,"Leticia Romero",0,0,33,20,0,0.606060606060606,-60.6060606060606,"Anti-clutch"
4433546,"Makayla Timpson",0,0,102,62,0,0.607843137254902,-60.7843137254902,"Anti-clutch"
4068580,"Katie Benzan",0,0,13,8,0,0.615384615384615,-61.5384615384615,"Anti-clutch"
955,"Jana Vesela",0,0,97,60,0,0.618556701030928,-61.8556701030928,"Anti-clutch"
4398912,"Taylor Mikesell",0,0,14,9,0,0.642857142857143,-64.2857142857143,"Anti-clutch"
5278686,"Kariata Diaby",0,0,28,18,0,0.642857142857143,-64.2857142857143,"Anti-clutch"
4068173,"Brittany Brewer",0,0,3,2,0,0.666666666666667,-66.6666666666667,"Anti-clutch"
4422426,"Li Yueru",0,0,30,20,0,0.666666666666667,-66.6666666666667,"Anti-clutch"
4432841,"Jakia Brown-Turner",0,0,3,2,0,0.666666666666667,-66.6666666666667,"Anti-clutch"
547,"Chandi Jones",0,0,13,9,0,0.692307692307692,-69.2307692307692,"Anti-clutch"
4433643,"Mackenzie Holmes",0,0,7,5,0,0.714285714285714,-71.4285714285714,"Anti-clutch"
2490526,"Waltiea Rolle",0,0,12,9,0,0.75,-75,"Anti-clutch"
3065049,"Sparkle Taylor",0,0,7,6,0,0.857142857142857,-85.7142857142857,"Anti-clutch"
648,"Irina Osipova",0,0,2,2,0,1,-100,"Anti-clutch"
841,"Whitney Boddie",0,0,1,1,0,1,-100,"Anti-clutch"
